A/C Number,Aadhar Number,Name,Bank Name,Mobile Number,Branch City
2834483865224663,491892601607,Tushar Rao,State Bank of India,8777363170,Agra
9248450798693471,952379626271,Sukhi Yadav,YES Bank,9824938982,Chamoli
4184343172602825,415871306086,Abhinva Singh,State Bank of India,8700896768,Agra
8315141592874327,126709971141,Ravinder,Union Bank of India,8287348623,Noida
8099172147725405,272570143651,Surinder,Baroda U.P. Gramin Bank,8723645235,Azamgarh
1262125662902665,739792171977,Samira,State Bank of India,7836945634,Garhwal
7825979181205295,362683795360,Aurobindo,Canara Bank ,9263478723,Ghazipur
3352400615056992,340099998131,Neeraj,Dena Bank,9273894867,Godda
5509055612557691,675908554809,Hemant Khurana,Uttar Kashi Gramin Bank,9872389478,Varanasi
9187205026074356,614447227787,Neha Farhan ,Union Bank of India,8734866345,Kochi
5254082487903061,550977397219,Kausar Sritharan,State Bank of India,6128106397,Satna